{"cameraMode":{"drawMode":0,"name":"Shaded","section":"Shading Mode"},"sceneLighting":true,"audioPlay":false,"sceneViewState":{"m_AlwaysRefresh":false,"showFog":true,"showSkybox":true,"showFlares":true,"showImageEffects":true,"showParticleSystems":true,"showVisualEffectGraphs":true,"m_FxEnabled":true},"in2DMode":false,"pivot":{"x":-3.645848035812378,"y":0.23455820977687837,"z":4.933924674987793},"rotation":{"x":-0.20122991502285005,"y":0.20546336472034455,"z":-0.04341099411249161,"w":-0.9569312930107117},"size":9.533930778503418,"orthographic":false}