{"cameraMode":{"drawMode":0,"name":"Shaded","section":"Shading Mode"},"sceneLighting":false,"audioPlay":false,"sceneViewState":{"m_AlwaysRefresh":false,"showFog":true,"showSkybox":false,"showFlares":true,"showImageEffects":true,"showParticleSystems":true,"showVisualEffectGraphs":true,"m_FxEnabled":true},"in2DMode":false,"pivot":{"x":0.3784301280975342,"y":0.6698389053344727,"z":0.23176488280296327},"rotation":{"x":0.050174009054899219,"y":0.7342363595962524,"z":-0.05406249314546585,"w":0.675141453742981},"size":1.5552126169204713,"orthographic":false}